loss,acc,val_loss,val_acc
2.28951251157,0.224333333307,2.05926918983,0.320000000715
