loss,acc,val_loss,val_acc
2.46857795609,0.1575,2.43256831169,0.165000006557
