loss,acc,val_loss,val_acc
2.05190031511,0.29270370366,1.80769823265,0.338749999762
