loss,acc,val_loss,val_acc
2.30671712112,0.210638888889,2.09034397888,0.322999999523
2.02317516761,0.321499999974,1.93304233837,0.321749999285
